Gene,log2FC,p-value
RERG,-2.437041563066675,6.956440429317075e-05
SLC25A25,0.865499929165154,0.00017805093225208596
RNF13,-1.00235165235825,0.0004040324006231917
SORBS2,-3.522438504211352,0.0004129631644215707
RABL5,-1.8993386731777182,0.0004169642914632465
DUSP14,-1.7044727364609598,0.00042660941022535
ZBTB8A,-1.5289914839848404,0.0004931583409112877
MAML3,-1.6787543815381358,0.00051339227925745
NDST1,-1.3006958912965114,0.0005185397946064145
XPO6,3.4452992768361437,0.0005502986232704453
ATPAF1,-1.5823289352708323,0.000598560139889541
NEU1,-0.9872622824012054,0.0007826786764610233
GGPS1,-1.0910166661444682,0.0008128150837333047
RAP1GAP,-3.4046339139703914,0.0008840254455839435
CABLES1,-1.5529160489152611,0.000928096478502741
ANXA4,-1.6537679470151123,0.0009682811087020346
TMEM125,-2.800117812787306,0.0009693555766805833
LMX1B,-2.5963029914680402,0.0009785758664051082
HIST1H2BK,-2.696071902754804,0.0010223598208583206
IRS1,-1.7727428087621058,0.0013613171892438874
C17orf56,1.0624216651761849,0.0013809287267397053
CRISPLD1,-2.262887624657555,0.0013874602750014603
CDK2AP1,-1.8742168045602106,0.0013998904883256332
MAP4K3,-2.538501867095352,0.001480663760228274
NUP37,-1.7413214971711826,0.001492732475090564
CLMN,-2.8737465313706947,0.001620963102507195
RAB6A,-2.063873447390258,0.0016245617588230847
TMEM164,-0.9837722995167886,0.0016250347493115046
PVRL4,-2.4936538262752888,0.0016648887763239934
IRF3,1.7512781152452632,0.0016974913971393125
ELF3,-2.3480434785439512,0.0017461489599866187
ZFYVE21,-0.5940210123159497,0.0018311380516014037
ETV5,-0.62315836265487,0.0018579084723866792
MRPL45P2,-1.6047230995671298,0.0018825156825069763
AR,-2.995747540808164,0.0019237385118906153
KIAA0907,-1.2788931087785453,0.001951373379262643
ZBTB7C,-2.2651725426954683,0.0019922671264444923
MTX2,-1.7692604986054157,0.001996689099991063
TRAK2,-1.024007741444902,0.0021274696908525547
"TICAM2,TMED7,TMED7-TICAM2",-1.684937903241879,0.0021732728052772203
OPA3,-0.9148285393041459,0.0021754077677079097
ACVR1B,-1.2803551183211903,0.002183169238213431
JAG1,-1.1836115492946995,0.0022750437095682484
RAB15,-1.3188581718086458,0.002358089650216915
DNAJA1,-1.4343914521998578,0.0023804626202034588
DIXDC1,-1.5529020286576694,0.0024086346290286926
TNKS1BP1,-2.4240517462792104,0.0024419498099579316
SDC4,-1.8653217196415781,0.0025259436846223567
LOC728730,-3.0902109319301814,0.002601640255752835
EBNA1BP2,-1.2928667084139756,0.002621204333116716
HDGF,-1.3526538856304269,0.002645033535286066
POFUT1,-1.4350789436264448,0.0026611589439149083
CYP4F22,-2.5856755579720008,0.0028109529889480105
PMP22,-1.929825902016551,0.0028654963578460804
TSPAN17,-0.6401065882979711,0.0029093141290179995
RCOR3,-1.0682529433157013,0.002993605437414489
DNAJB11,-0.7833094874660693,0.003072307305423586
REEP3,-1.8618862794719018,0.0031972803901213595
XRCC6,1.764505117904422,0.0032740046683989686
TBC1D12,-1.4771754883320232,0.0033369545777199162
PLCB2,1.8432548957842023,0.003429992538301908
PPIC,-1.510752969374332,0.0034943446342348096
NTPCR,-1.6773490070921482,0.003518726612938921
CPE,-1.9317415755400238,0.0035799133603971658
CLOCK,-2.0167123414790726,0.0036440052633720534
FADS3,1.7059957135578587,0.004006591296726205
CCDC113,-2.302624880126176,0.004119343502307775
DSP,-2.9339898741825965,0.004136766687245247
SLC44A1,-1.6893731667926062,0.004138671893146308
MB,-2.6403385359062193,0.004185395521509086
PLD1,-0.7577295299048104,0.004217759735425343
ZNF341,-0.9530506514310715,0.004320864009483973
TMED9,-1.49348134103192,0.004323679485874296
OAT,-1.586876254103438,0.004360804664809817
MRTO4,-0.5146969220403843,0.004417232524445749
MAPK8IP1,-1.7357586266565046,0.004532284323396988
ZBTB17,2.047158192584082,0.004634709101059347
KIAA1383,-1.8092365868189648,0.004638482210394313
KLHDC2,-1.9502046264346915,0.004671288349075333
MBIP,-1.6337409021812692,0.004676106228205349
SH3PXD2B,-1.985266218847811,0.004779254622202015
FIGN,-2.0930683005315434,0.0048355121344066075
"MIR4680,PDCD4",-1.6438553944758052,0.00484985115288534
LGALS3,-1.8692767033896711,0.004881154417975434
COPS2,-1.27551204836978,0.004887599930744234
DIO3,-1.6161900610142093,0.004920374068153604
C1orf116,-5.40728687771787,0.005109429106023386
C9orf7,-1.247183212636119,0.0052296242966654955
SOX13,-1.3147658208240025,0.00528187931401867
SULT2B1,-2.4334969455967843,0.005291138173958596
RAB25,-2.6316744600261117,0.005410932913697831
SCO1,-1.1415919252467903,0.005607912846361155
TM7SF3,-1.269189551690363,0.005672801878800943
PMM2,-0.944222358226892,0.00568004205025738
CERS2,-2.1499558387100017,0.00572194773212883
PAK4,-1.64394315295816,0.005862660454313689
RGNEF,-2.6129629971318638,0.006002060402548292
MICU1,-0.8127155553685483,0.006057143284172189
FOXA1,-3.854789431877775,0.006194272153505436
SH3BP4,-1.8481857711393364,0.006198006411153331
C1orf27,-1.6018010863557248,0.006198646051431262
GEMIN5,-1.3769785472539442,0.006202749717526871
PPIL4,-1.1479593650655069,0.006255144841081853
SLC23A1,-1.447610351483807,0.006286381881327986
SS18,-0.5224379169923736,0.006287070987060204
SLC29A3,-1.1030298030546173,0.0063488851664759436
FAM46A,-0.876239316777386,0.006453603653124008
CD79B,2.5004795253799177,0.006454893764846893
FUNDC2,-1.4051886008273349,0.006512566744210293
ING2,-1.0446481452858856,0.006514124440148498
UEVLD,-2.3375755803345486,0.006609947013227536
FMO5,-1.7862634104110795,0.006674744765247236
FGD2,1.3043899582431298,0.006698567650610863
"MIR621,SLC25A15",-1.1255700039808287,0.006716542117627687
SASH1,-2.2869230586924223,0.006751923915833551
BTBD3,-1.1940036446108144,0.006987242847579616
ZNF599,-0.8703845886419901,0.007060051746194365
IMMP1L,-2.3012301172461553,0.007075395983707554
DNAL1,-1.2929882077886172,0.007091553830730123
TULP4,-0.9960456841302978,0.007216457005697039
SAP18,-1.0782396385221213,0.007380167989087467
YAP1,-1.7451412599691898,0.007461978154508019
GATA3,-2.0299775038772188,0.00751412070444645
CCDC87,-1.7460236198754906,0.007559119582715285
AUTS2,-1.1015694989871343,0.007568028488648148
AP1M2,-2.6558565643174754,0.007573382415193742
CROT,-2.0815964116631047,0.007658127269673774
AHR,-2.1829167281165676,0.0076915392315471415
ROCK1P1,-2.3746642474312467,0.007695971084911217
SF3B14,-1.3483738053652772,0.007826453756302096
MFAP4,-2.0473012151740324,0.007918301704496263
BLMH,-1.7757510185974898,0.007933579657474798
NUDT7,-1.188826568217852,0.00805006796979722
KIF3C,-0.7914685600175319,0.008136399289874646
STON2,-2.6948972484471274,0.008139195429699878
CCDC103,-1.725327729739509,0.008294578973907049
NDUFA1,-1.3146023318993496,0.008430168799799916
CD2AP,-1.6239130183663277,0.008473924317322036
DCAF12,-1.3968196971633113,0.008547728264411896
YIPF6,-0.9609836918092305,0.008601022973861927
C1orf172,-1.6493914091886068,0.008667673500728354
SLC2A6,2.0698268261713593,0.00868232418152094
RASAL2,-1.7616152928439823,0.008705656859239467
C11orf74,-1.760104727476555,0.008936962124541406
ELMO2,1.9316450867130035,0.008954514934658863
ANKLE2,0.8309229429129736,0.008979557323332957
CRAT,-1.1502158448866475,0.009036264857387278
PSMC2,-1.731450305416959,0.009084861706266354
MAPRE3,-0.9051912811474399,0.009090724331975187
CYTH3,-1.2138866936417743,0.009219828472863924
TEAD3,-1.2443141115620766,0.009473929341836808
DDX51,0.5194565101348783,0.009654078659203614
TMEM26,-2.765774346300783,0.009828385416817187
LOC606724,1.8136721217015213,0.00988356528864626
TNNI2,2.1839541212449163,0.009891562130960844
SFXN2,-0.9981655432941618,0.009921650756145014
LOC100329109,-2.0924879217880172,0.00992505453801324
PCBD1,-1.7791077312866141,0.00993872619206564
PGRMC2,-1.0843273268563411,0.010017344741495533
SPATA6,-1.284506363910202,0.010093755710320104
GFOD1,0.6106891685495163,0.010156418142992497
PRCD,-2.250402429593837,0.010162653471073119
CXCL10,-2.181113629484287,0.01016387279748516
REEP5,-1.5563987597178048,0.010171954299215217
YWHAH,-1.041683900691595,0.01028689449084365
BCAP29,-1.1111829925332326,0.010298741249676176
CNBP,-1.548025741917895,0.010401349377628395
DPCD,-1.9441445179657353,0.010405460448406635
BLK,1.4815958591596408,0.010629131824371741
C17orf97,-1.5838338196712325,0.0106939427898645
CEP290,-2.468675224224299,0.010747916497219014
PTGR1,-1.8511461277674084,0.010754633997012457
ABHD4,-0.9521294738779433,0.010832049477024819
PDLIM5,-1.980105725850485,0.010925652302753159
TUSC3,-1.8314753994054969,0.010944841727593337
HILPDA,-1.6625399257261118,0.01097577084663044
TXNRD2,2.0707207045849962,0.010975887037104944
FAM159A,1.5204979766030422,0.011128841578357387
SPR,-1.6873120710397616,0.011148971570441363
MTCH2,-1.3297882925506177,0.01118321885606566
RPP38,-0.9177840722208561,0.011261872494327483
TANC1,-1.9219293341733248,0.011270859778691161
TMEM59,-2.0038279817395237,0.011332804268325005
HMGB3,-1.5463291015642024,0.011345539017550808
ZG16B,-3.077360966215832,0.012138219034201465
THRB,-1.6027424367860459,0.012296549178962344
SCML2,-1.594801490157811,0.012314026634321015
ITGAL,1.9359092352804108,0.012454672974317144
BBS5,-1.0809010698378914,0.012614500547627078
SLC45A4,-1.8451478549996294,0.012662924916386068
OVOL1,-2.11914722167019,0.012665950051067553
SGPL1,-1.5976925616963435,0.012671440659162023
NID1,-1.7827194117578085,0.012684093983985224
SLC17A9,0.9628212046824962,0.012793049467585913
PDZD11,-1.2438083678721372,0.012891754561175937
ZNF500,-1.1765763008429657,0.013058008099884545
NUMB,-1.5319545941972423,0.01310995859643298
TRIM26,-1.0994498561523414,0.0132226542826727
TERF1,-1.3300663845046532,0.013240816151845757
GLS2,-1.553939954268136,0.01327089682277891
RTN4,-1.817989815317774,0.013481861720598476
CNR2,2.3776315878985965,0.013637217614394148
KLHDC1,-1.8274305570201896,0.013703720514051158
"DBNDD2,SYS1,SYS1-DBNDD2",-1.9123913752150363,0.01374285189301382
EIF2C4,-0.9673813412040384,0.013908330345849325
TASP1,-0.6113187937330959,0.014218435080564609
EFNA1,-1.9450505739357218,0.014250375471589818
HES1,-1.3021599582729282,0.014543946937493757
SNX27,-1.2820349671263425,0.014797324369254244
BRCC3,-1.1128818174339192,0.014818653102182899
EPS15L1,-2.706455050018548,0.014917445044794624
KAT6B,-1.4749091218124073,0.014948460256337115
ATP6AP2,-1.4553543975526306,0.014969896840638035
ABHD2,-1.9513639474238857,0.01501418006265616
CLCC1,-0.9641718456364889,0.015203323857484158
TUSC1,-1.8603871532294722,0.015271871307328882
SPPL3,-0.715105702285106,0.015320714029035556
METTL21B,-1.1062150709368435,0.01534212936381142
PATL1,-1.4417654022672384,0.015381917543914596
C5orf15,-1.1313682419093998,0.01538996929754252
CHRDL1,-1.9372316273255317,0.015463586331410222
ARHGAP4,2.1048929590089003,0.015544643910243607
GPC4,-2.2972810692225014,0.015755243513628135
TCEAL2,1.193792261353855,0.015772895134690164
TMEM50A,-1.4793837920053203,0.01581290353720518
TUFT1,-2.507090972889858,0.015886756712263837
COQ5,-0.5896474433926215,0.01589040781277166
TRMU,1.6347753929002815,0.01591460248996916
NYNRIN,-1.4492133358298138,0.01594262159092667
FAHD1,-0.9282729010185578,0.015946140378654425
NQO1,-3.233547843045279,0.01609443382860192
PER2,-1.4746314332557757,0.016095689445610035
H2AFV,-1.4869651037511424,0.016154149906942677
NUP210,1.9678220039787515,0.01624428040888177
NCF4,1.7259132215051456,0.016252287334615666
FGFBP2,-1.6309490412608836,0.016294045193269553
GALNT3,-1.5355766038010454,0.016367793205925633
MMRN1,-1.9390248907232535,0.01654176960746931
C1orf115,-2.028202583957664,0.01661717720025043
MAP4K5,-1.337301469303128,0.016695106806782958
EPRS,-2.74720769247083,0.01683692125091126
ABL2,-0.8206007833514779,0.016960445741645364
CHCHD1,-0.7473570861874634,0.016976261038189687
HAUS1,-1.5036524603197075,0.017026179382413454
CKAP4,-1.1800123459505412,0.017040471782436152
C1orf135,-0.9830512271759769,0.017084141469791744
FAM86C2P,-1.0033690433620202,0.017261720659396275
GPR137,1.722494076479483,0.017287241104140365
S100A11,-2.0215533205978717,0.017347672456457994
SPINT1,-1.7655079976331023,0.017366664228549024
POU2F2,1.9140624649387048,0.017387952027757003
DYNLRB1,-1.042866281190732,0.01739651270398677
THOC7,-1.040026387885299,0.017408501926826046
PPIA,-0.8925408378147797,0.01745156632801819
SMARCAD1,-1.5876857897812457,0.017512669334487654
FAM124B,-1.1932076129766975,0.017515942431027345
SLC38A9,-1.3844810700819794,0.017553185323943888
PARS2,-1.4608909821207563,0.01762893860234333
IL1R1,-1.685045611014294,0.017668431631790747
NR2E3,-1.8869143395374395,0.017671106626786167
UBFD1,-1.3222468018298097,0.017898882282114503
C1orf228,1.9412615199846508,0.017986076233991986
LOC100130298,1.3363814096400786,0.018052757724743112
NFYB,-1.4140464305893832,0.01811216661929777
MORN2,-1.5109968412061514,0.01813806754081311
SASH3,1.1309451255166438,0.018262095827207222
NDOR1,2.6691830236104552,0.018277083722978493
C14orf1,-1.5110791965020236,0.01829671108713893
PNPLA4,-1.2339164787441856,0.018340752745682178
ZRSR2,1.3352519349043774,0.01834794324487686
PDGFRA,-2.5914430119233383,0.018370796647274146
TTLL7,-2.2857023437429342,0.018429052163234386
TNFRSF17,-1.1209388930174502,0.01847731063601583
ARL6IP6,-1.3391066470829396,0.018559016706000214
IZUMO4,1.7917271487705904,0.018657825978045325
HSP90AB1,-1.429500845771062,0.01873200614483301
LINGO3,1.844354733763233,0.01873714247033749
CD63,-1.8771677202214923,0.018840925513918444
PARVA,-1.797626990909382,0.019025584063496376
SLC22A15,-1.8613323563611663,0.019055870913104133
MRPS18C,-1.125945649217817,0.019216577491669315
SLC31A1,-1.77526038291714,0.019298203371173866
SOD1,-1.7806301609157336,0.019305640778019727
GPR34,-1.6083238590020446,0.019624072371598453
GALC,-1.4369986280709999,0.019669678331892194
ADAMTSL3,-2.338690137058187,0.01967152170922355
RAPH1,-1.2303713222191366,0.019701181912084288
AARS,0.8080728535330133,0.0198073156272161
C20orf3,-1.5628702035575914,0.019820639717731868
ZNF415,-0.997507718839747,0.019883093555654197
C1orf112,-0.8769231427419975,0.019918429713519595
"AMACR,C1QTNF3,C1QTNF3-AMACR",-0.519716518749096,0.020000157961739796
OLFML2B,-2.275813246788088,0.020120844198302366
APOPT1,-0.9680858534332821,0.020196992194626184
MAP2K4,-1.1056235493598052,0.02022926324747788
IGFBP7,-1.9624551337422131,0.020384748119582657
CPNE5,1.253656136950199,0.020423034559032983
GFRA1,-3.041332129405551,0.020500388773790956
SLC39A9,-1.1492993268992109,0.02071752012541474
ITPRIPL2,-1.6061647538935313,0.020778096034187437
TRAF3IP1,-0.8538556892361036,0.02083005784255682
KIAA1737,-1.3182341015735966,0.02095368515843396
MLLT10,-1.4167710895876264,0.02099411735588742
CDH11,-1.9768220027800254,0.02100948934346721
MKKS,-0.8486565151695875,0.021024955468514673
TMEM177,-1.316977085129235,0.021096830383973128
LOC649395,-1.4510096153562382,0.021098665397558645
FDCSP,1.3399367754552456,0.021239978225308383
VPS37D,-1.4550707925067754,0.021258715973501145
ZDHHC9,-2.2508542611714892,0.021597917427120163
ELK3,-1.5212370530416188,0.02166502239699689
TCIRG1,1.758217376344704,0.021672388576759787
LOC100506599,-1.4089832426397608,0.02176130303022224
ASUN,-1.4914713560816848,0.02195306361869285
MAPK9,-1.1206426247648635,0.022021441897625248
TMEM18,-0.9548525573656304,0.022053676935467607
"MYO18A,TIAF1",0.6018158980088115,0.022059519292761696
RNF135,-0.981391288912492,0.022129987330087645
ITGA5,1.6175923038661488,0.02224582549919409
SSBP2,-2.3256276336603934,0.022318307155918093
C9orf152,-3.804643090356647,0.022332585909473422
AHCYL1,-1.6364478857536646,0.022560408013819228
MYO1D,-1.0751412649103702,0.022561682822755245
TMED10,-1.4160788103775372,0.022605918020660472
EPB41L4B,-2.4608259256034883,0.02261385668321055
KDELR1,-1.3032933003999032,0.022654374363568507
RNF166,1.3423907863781066,0.022669755975010968
FOXJ3,-0.8933937538581151,0.02274406300462975
ACPL2,-1.069741676347082,0.022773281631855945
YWHAE,-1.2706611918486255,0.02277583939200495
CES2,1.1799755560164331,0.02283339701225969
RSBN1L,-1.2801648084281967,0.02300874416746073
SHROOM4,-0.8327236355620389,0.023151808225591177
THAP10,-0.8622575570875877,0.023339673796683485
CSTB,-1.377435933244115,0.02344155552303231
VSIG10,-1.7546531365108058,0.023450125539411035
OR13A1,1.7463315354756617,0.023504626812907953
MRPL19,-1.1575798603638385,0.023511052080924185
ARSD,-1.5247102877925118,0.023677411469109375
NDUFB2,-1.2437766299000632,0.023987075642512998
ARL1,-1.278374551943482,0.024073267834048777
TP53I11,-1.367937365501597,0.02426053182388641
SETD7,-1.8861199757311453,0.024300444611284375
ICK,-1.4449893836663765,0.024327367467105412
ABCB10,-1.0680341720471846,0.024351018391957035
GOLGA6L10,-1.117748901221246,0.024351083312701905
FAM192A,0.5629078638896523,0.024360777121270646
DYNC1I2,-1.544205838289776,0.02446332572385575
CD9,-3.359440892502181,0.024496013272314047
DDAH1,-2.501938018771675,0.02449866926322951
PCDH18,-1.2948062102063154,0.024616898060499347
MBOAT2,-2.9777121213350926,0.024670516742156513
WDTC1,-0.5522330182110884,0.024766387733530598
TBL2,-1.0179530663088991,0.024873753436616595
ZNF521,-0.8551356759343738,0.02495842739391609
PSTPIP1,1.441128245912942,0.024960433730461883
C3AR1,-1.7774376929833906,0.02500639642217989
NUDT8,-1.8113716178964383,0.025006648520110784
GNG12,-1.7383686413319872,0.025114226245570043
ARNT2,-1.7886470105591252,0.02513529284639233
GRAP,1.4892599445043877,0.02524243342735392
VPS37C,-1.1630936259016171,0.025288350558088316
ERC1,-0.7138223028105306,0.025296120917189913
TLR9,1.2853307811120205,0.025421854065299468
HIVEP3,-1.7244146372067268,0.025518291274449507
TTC39A,-1.6004593954600654,0.025518771949318227
LZTFL1,-1.0052317554485666,0.025557328396470076
NDUFC1,-1.0847437670971267,0.025743000913040506
BAG3,-1.7284775875588159,0.025787732053113067
KDSR,-1.120183390193292,0.02579320125878499
LOC440335,-1.9676904419388173,0.025826621357411195
NRCAM,1.5079410147367918,0.02588515524484877
SLC19A2,-2.2756907585762502,0.025979282351742312
KCTD21,-0.7805841916713561,0.02605541420279218
PRKCI,-1.5004201844747918,0.026070993969493667
ZNF576,-1.0226029653364477,0.026085625921677347
LCN10,1.0774902469421974,0.026098381146855018
DYNLT1,-1.3118618796899577,0.0261941706089138
COQ7,-1.0852909344874766,0.0262759806189162
GLCE,-1.545257998407601,0.026295513949397675
RNF220,1.5797000144073814,0.026375492268493565
MBNL2,-1.5741652794560945,0.026390500221574523
MTM1,-0.7718483448352552,0.026482733303874125
TSPAN33,1.1539076338455865,0.02668325523333823
INF2,1.6006811876363018,0.026809693961559626
STAM2,-1.1537647516303362,0.02683593020577206
UBE2L6,-1.0376144579706947,0.026847171136766015
ANKRD22,-2.0467307061930153,0.02686056161796234
CAMK2N1,-2.2559655847454527,0.026930219592265096
MORN4,-1.7526523825089675,0.02697567034922823
BMP4,-2.0535056013722466,0.02710973922073887
SPRED2,-1.5964378761489535,0.02717010223794869
MANSC1,-2.34794240162088,0.027180007570478792
USO1,-1.4808498424271614,0.02721639213547181
PSD4,1.2481089222973791,0.027266949649317557
DAG1,-0.9886015696130948,0.027301215779646445
RRAGA,-0.9467239980735505,0.027527521229981557
HPN,-2.1727762613252803,0.027665899888019593
SF3A3,1.0486171899551069,0.027673670691588437
HPRT1,-1.1614270002954075,0.02772345028446739
CHPT1,-1.456559334534015,0.027748286162348177
UQCC,-0.6613122294960956,0.027855986019307256
SPECC1,-1.2213823390997283,0.027966447723624385
DUSP10,-1.062242462360261,0.02804206251208772
LOC728758,-1.0740939375761924,0.028170482542062374
BCKDHB,-1.4399109236930556,0.02829377273088645
SLC25A3,-0.7176510514807006,0.02835586758087075
ADIPOR1,-1.1544274885794152,0.028372217179063984
FLJ33630,-1.836648549965612,0.02842257444367048
CPD,-1.9030713234323626,0.028567236685371828
DPY19L4,-1.6653022223944056,0.028573174099532105
IL13RA1,-1.127001138007902,0.028591953318280246
C1orf229,-1.880376029953117,0.028731007432922603
LAPTM4A,-2.2534619297907597,0.02874518142719496
CCDC126,-1.526937683302993,0.028796445943751414
TFDP1,-1.2982714895404155,0.028805888577991722
CKAP2L,-0.9141358810532876,0.029019883301705005
C1GALT1C1,-1.371465601327748,0.029062243689128287
LRRC42,-1.1689833155390703,0.02906788744593015
"CHMP3,RNF103,RNF103-CHMP3",-1.3393024291919113,0.029082251245408603
PCCB,-2.4639897339348567,0.02911815957528858
KIAA0240,-0.5076166604120149,0.029331317025387743
BCKDK,-0.9710282597131537,0.02939782371947694
CHFR,1.0008441895855489,0.02947364811692686
CAPN12,-1.8885570856581246,0.029492788116745994
SESTD1,-1.3747708239513061,0.029729853591819923
ATRN,-1.3857486652653401,0.029934837115333873
MTUS1,-1.264760263005194,0.030178187969548003
PFKFB2,-0.7490806118264964,0.030188963605087795
GOLIM4,-1.6589917873554403,0.030226610713220442
ABCD3,-2.041495739559684,0.030296302717251183
S100A8,1.612643031328832,0.030315861265698893
FBXO9,-0.819369341265006,0.030350872941793575
HSD11B1,-1.6771552291292249,0.030538861351440044
PLEKHG2,0.9349625448442875,0.03059288766264709
SEPT11,-1.1527149737198106,0.030629160800321
ADAM22,-1.0450493065161748,0.030644860739356454
DFNA5,-0.6013099920604345,0.030746778340408714
BUD13,1.577267170335542,0.030910354410715695
PPP3CB,-0.8604454604666043,0.031086407492175203
MARVELD3,-1.899445752152633,0.031111873017990427
ZNF532,-0.8061444175599002,0.031175675982959023
ZNF823,-1.984187786238334,0.0314437056281441
TOMM20,-0.8453010636408722,0.03147142926618919
KLF9,-1.836475484519162,0.031609549879374185
CPEB4,-1.5442479435528542,0.031672873218021286
CADM1,-1.9453117423512403,0.03169693886584724
ZNF677,-1.2060125892334506,0.031739095508879614
TNFSF13B,-1.1243908429142098,0.03175033037266666
DKK2,-2.5138286984201765,0.03180649779479564
PTS,-0.8061474056435927,0.03182471857460977
SUSD1,-1.9615464467243098,0.0318618799689385
EXOC3L4,1.723594424470992,0.03186450560759011
TRAM1L1,-3.297753759944685,0.03189858411022706
KIAA1715,-1.4840216993826423,0.03196899926750064
LOC644656,-1.0527836642585773,0.032021599299901456
MGMT,-0.8218282231857779,0.032080694010313625
VPS54,-1.1218829302291256,0.03226320191348749
MYO9B,0.9471402316359328,0.03237473702840412
TMTC2,-1.2830518571732483,0.0323810658417116
RABGAP1,-0.8945024369232817,0.03248071432151493
GTF3C6,-1.0042835426089218,0.03252485379739287
FAM104B,-1.7392502922666866,0.03258054775592727
DNAJC1,-2.340198762592266,0.03258793290458533
GNAQ,-1.8812185568433313,0.032756023571667056
APLP2,-1.22569779190267,0.03277842561288976
SLITRK2,-1.8763698719407325,0.03279228205696173
C1RL,-0.6486632704975506,0.032841661409759824
C7orf11,-1.3496716361788321,0.03284280534836214
B3GALNT1,-1.6715811991835756,0.03289109806802166
DLG3,-1.6215133325159976,0.032892181648605794
SEMA4F,-0.699081730593629,0.032931868560570725
TRPM2,1.6006165407874997,0.032977954175984016
PINK1,-1.3419982507692825,0.03301583446533343
UBE2S,-1.0357255807898262,0.033041289627399904
MAPK13,-1.047180182325404,0.03304803090414791
POLD4,0.8087844372096402,0.03307463120607931
ZNF394,1.0640572185636512,0.03311881836887961
C1orf64,-4.049158320126007,0.03315686751893493
SLC35D2,-1.2208503795507433,0.033247726585048605
CHCHD4,-0.8449005000443592,0.03335550557434396
PPIEL,1.7803856532200117,0.03369626212929906
EPHX1,-1.0098384079714178,0.03376101538387281
C17orf64,1.1017334179682359,0.033801683261533745
GUCY1A3,-1.0307342213582076,0.033819243802791776
TMEM159,-1.8208763652039541,0.03385341523395657
CRIP3,1.489721297236831,0.03392760456443266
PON2,-2.1984591758865255,0.033972133373312424
SUCLA2,-1.5826685932266833,0.034387135835478935
RMI1,-1.2029798082523473,0.03446376382798633
SNRPB2,-0.7566541158390776,0.03449913141008266
LRP4,-1.455468415541822,0.03476506662240546
FUNDC1,-1.6423905290340501,0.034775311790145064
"H3F3A,H3F3AP4",-1.2644822757397591,0.03478373406982045
ACSL3,-1.7677492780208401,0.034801735462978545
ARHGAP6,-1.7736843863963385,0.03480624567221067
ENSA,-0.9889188021200574,0.0348233381370325
LMO7,-1.9437501665343528,0.03487226890498854
EID2B,0.554245529489992,0.034876865547263804
ERGIC2,-1.0666912116105869,0.03488217616621712
MAP7,-2.9130904290610724,0.03496865647779251
EIF5B,-1.2150263233104304,0.03500566052711088
"MIR1307,USMG5",-0.8547162780768698,0.03506238805890976
SYT17,-2.345468266632545,0.03508892427457
SUGP2,1.0391653477248077,0.03509806185364518
C6orf1,-0.7935112581563057,0.03512526642177828
EPHB2,-0.8126782943931787,0.03523903269333657
METTL9,-0.9879274411042642,0.03528551340782722
YJEFN3,1.3161819441078757,0.03529410447859046
NFKBIB,1.0228997484993538,0.035574803981987806
CLDN11,-1.5082227240698913,0.03569454166788857
CDH5,-0.5083431007370214,0.03571140997394301
HNRNPC,-1.0829875748986506,0.03574581958076418
C1orf210,-3.2248341546176547,0.03576210676957397
PRR15L,-2.403388829453956,0.03581725464014876
PSMD9,-1.7805260461881827,0.03586002483531925
FAAH2,-1.335425508370574,0.035877181981179715
MANBAL,-1.028191845328701,0.035901509187041894
SERTAD3,-1.017899444912782,0.035928265097108135
CYP27C1,1.956058678870776,0.03607336877358937
TMEM5,-0.9752375144667824,0.036082535979093014
ACOX2,-2.6370731826490066,0.03613358644762694
ACADSB,-1.623448618107271,0.036153037502690374
ZCCHC17,-1.232493023685047,0.03626626025136094
USP20,1.9776448672042584,0.036302070924147924
BTBD7,-0.836849244175635,0.03633445357216738
CLDN7,-2.2701035829984004,0.03639454257193456
KDELR2,-1.1169616709702712,0.03666974205496821
C10orf47,-2.316084007006454,0.036721862986322136
ZCCHC24,-1.1193242586391907,0.036728177480725474
C10orf114,1.0300404921872928,0.03680241995900479
SLIRP,-1.425449852215781,0.03689082916277528
MFSD6L,-4.624448858028244,0.03690055344730548
PIGX,-1.0234021964750264,0.03693298831105394
HAT1,-1.3556082149438964,0.03711149719185823
BAIAP2,-1.047411791475557,0.03717116965780864
POU2AF1,1.3842359512970184,0.03717401886422238
GK5,-1.4145730867724622,0.037174598133675726
C1orf63,-0.9228128434073097,0.03751880742833254
COL6A4P2,-1.5846254000679854,0.037538034357742216
QKI,-0.9862211533795417,0.037538367376884485
KIAA1211,-1.0105984479566648,0.037563430264688204
C19orf40,-1.944220428571338,0.03756414631994877
CD164,-2.6181847054525846,0.03769698960150628
DIRAS3,-0.7860314097406792,0.03778500259883443
TCEA3,-1.375561927014088,0.03781104656320077
ERVFRD-1,1.3319218655284124,0.03782518812778761
C17orf89,-0.9851598321192254,0.037870011974416716
STAU2,-2.087859128363382,0.03794475139066353
FASLG,-1.2333053445425943,0.037948348875648324
EXD2,-1.5185434523606796,0.0380621908003327
KCTD1,-2.537143372120088,0.038069911053503616
C5orf54,-1.4890299380399525,0.03808618659269449
RIF1,-1.1718946479181662,0.03840822228104684
GRHL1,-2.8469121222407354,0.03851836477105537
ZBP1,1.233687421739607,0.03863076600948919
RCOR1,-1.3036264509432378,0.03864928040207984
ARF3,-1.3045412019175564,0.038679088808937785
SLC20A2,-1.4659641019824399,0.038717866838374956
ZNF619,-0.7188929552560521,0.038960068711497015
KLHL17,1.0297797683942744,0.039049792644481704
MIAT,0.7686118001134794,0.03913204840053948
UBXN10,-3.4719423899925763,0.039179920963545264
ZDHHC15,-1.8913459939134984,0.039415996377273714
ADORA3,-2.6709180006064193,0.039615483385596506
MITF,-1.6214733199518219,0.03964143038619096
DHX32,-1.821625816160747,0.03966671550051369
RND3,-1.5253184772548436,0.039831138408011786
SENP8,-2.1992753839662655,0.0398314159488437
PCIF1,0.9473052291402517,0.039859072296375246
FLVCR1,-0.9532503706697422,0.03999974676529933
DACT1,-1.009994877299025,0.04001574916845402
GMPR,-1.7546510446393988,0.04007122366647215
RSPH3,-2.6318045001895665,0.04016218417214425
DBT,-0.8693526539049495,0.04034695603731795
CREB3L2,-0.7952858422056608,0.04038787398146733
SULF1,-2.2272398179062227,0.04041727509064612
"CDRT4,FAM18B2,FAM18B2-CDRT4",-0.7462388065664451,0.04042176708194497
LINC00173,1.7390641627322418,0.04052855945271634
HLA-DMA,1.1122775077965006,0.04080349772239004
RNF144B,-1.205763446889552,0.04087354925975284
MREG,-1.6845407943118516,0.04090902287379326
ZNF37A,-0.8625062767063794,0.040953155240978305
ZNF296,0.7049261372106628,0.04096326743146212
TTC8,-2.0458234594484486,0.04111482122039461
POLI,-1.4966097366099467,0.04112692552596609
SCN8A,0.9408740462451366,0.041138076941568506
TMCO3,-1.0995787921327138,0.0412444446567464
AIFM2,-1.5755094978492863,0.04125697233056493
ALDOA,-1.2397449614839724,0.0413254180647674
FAM177A1,-1.5162939186093234,0.04144460753574836
SPATS2,-1.0984862634854156,0.041673881976290836
DYRK3,-1.1963267304711367,0.04171056959621504
DPY19L3,-0.5964222215932464,0.04179938506706637
TSN,-0.7241689589148921,0.041805312156173065
SIX2,-3.6098885210290694,0.041812062120448454
DACT3,-1.058098909709701,0.04181342830393587
UNC45A,1.3243179218039,0.04181878649092101
EXOSC4,-1.1017696175054623,0.04188066275190315
PRR15,-2.4947360798163256,0.041881737498997616
WDSUB1,-1.4987909948767215,0.04202405796069847
VKORC1L1,-1.5328561111022647,0.042080975079220935
TRABD,1.3946842234810948,0.04211763548030863
KIAA1279,-1.4908424771292745,0.042142565244920854
LYPLAL1,-0.9089426300063526,0.04219432143829642
LDOC1,-1.3722153202454468,0.04220957908807442
HEG1,-0.6599542430055487,0.04224622520972427
SH2D4A,-1.8265528007901248,0.04225643499405481
SCP2,-1.5256978352564876,0.04226638772969412
WLS,-2.5071386009073198,0.04233950086026935
LOC100129961,0.6571401322047319,0.04238457323747147
C1orf9,-1.3516423656714518,0.04241306821358048
ZNF280D,-1.6565564047319472,0.04273628715108618
ABHD3,-1.141127669430173,0.04276941536336461
MATN3,-2.5239757675311427,0.04278246864547206
GFPT1,-1.619648749892231,0.042896910599914684
NIPAL3,-0.6432034703449874,0.042985496789961906
"ARMCX5,ARMCX5-GPRASP2,GPRASP2",-0.976812659289505,0.04308823371537098
ZFP64,-0.63088797469025,0.04314970960222083
LMAN2L,-1.3827628591182188,0.04326342272252328
C11orf54,-0.6525618464105598,0.04330614458886923
HHAT,-0.9646160763345109,0.04334941369239752
PEX11B,-0.8366824084365261,0.04363292967158898
SLC22A5,-1.9995373170610558,0.04370199308776606
PRKACA,-1.289323144111128,0.04370950775155812
ARHGAP18,-1.3382715753494847,0.04383185159365178
ZDHHC17,-1.1891582416466275,0.04384153491005254
UBC,-1.0602496296355222,0.04390275494327977
TBC1D10C,1.3275791102423806,0.043956240426640314
GABARAP,-1.125686114758345,0.04407551659131607
PEX11A,-1.995241677649584,0.044164287114453735
SNX12,-0.7961611340778547,0.04418083495392574
LOC728743,1.118812255050095,0.044372964092387335
RAPGEF1,1.0172754761528613,0.044413877904739565
MKNK1,-1.333202525534551,0.04448418245629284
RAD23B,-1.0421831488675086,0.04457532596685504
PSMC1,-1.394096587054939,0.04463347340171462
BACE1,-1.082238495951179,0.04467237839836113
KCNJ8,-1.3942586263662515,0.04481696501541936
MIR100HG,-1.0804213103550722,0.04481846789859267
KIAA1671,-1.1153989754993707,0.04485217134872684
KLHDC10,-0.6084014623941278,0.04488707305912645
TMEM30B,-2.066698839920404,0.04489266307928724
C1S,-0.921084649470747,0.044956487010660955
ACACB,1.0277039956132041,0.044983599276392984
SRI,-0.9437555997954399,0.045068474239820515
CCDC120,-1.1402093352498757,0.04508487588716347
SP1,-0.9536080390716686,0.04528111339781282
EPCAM,-3.215034923430231,0.04537123967713812
TIPARP,-2.367423005020552,0.04544097056400475
"GALNT4,POC1B,POC1B-GALNT4",-0.8905133333322444,0.04555359289670451
SPRY3,-0.8202907878719898,0.045594060279103725
SERINC2,-2.904741888790762,0.045765885567191
DNASE2,-1.0196117735191592,0.04579032361394499
PPM1H,-3.678780138190479,0.04582390741095222
PRPH,0.9852700094422677,0.046075655372877555
NAALADL2,-2.625835971961124,0.046092421090973675
NLGN3,0.8556435997473423,0.0460934834083685
RASGRP3,1.007916877150631,0.04611961749702634
ITFG1,-1.4016978318749809,0.04612514842055317
ACAT2,-0.790508191134025,0.04616149999952095
FGF2,-1.281305867767436,0.04622097484067281
DNAJB12,-0.8336438461221447,0.04634856493713358
KIAA1549,-2.1986455685887702,0.04637525142336892
KCNJ11,-2.980533588853,0.04637777914131742
LOC100506730,-1.2572464761478621,0.04639716520406915
NDUFB9,-1.5069952399696254,0.046519912737834
MYO6,-2.349252933042689,0.046573594309343644
ADK,-0.7811301101300558,0.046649096108055746
TTC30B,-2.1305686604528886,0.04690542250995555
ZNF18,1.3108756927656626,0.04693452040159879
TMCO1,-1.5312135867712446,0.04696079856434117
FAM151B,-2.7740169372780503,0.04709121941539989
WRB,-1.6438812831648777,0.047258370772758004
RALGPS1,-1.1396810033371498,0.047342317544168865
APOLD1,1.6075697770198016,0.047522555292059884
YIPF2,-0.9637165180394973,0.04770905131528439
WASF2,-0.7303576054436758,0.0477501697203372
GLI3,-1.8647757226024324,0.04790074589444224
FHL2,-2.5065282719235715,0.04791159988926551
C8orf55,-1.5363479733187457,0.047924946379908656
LHPP,1.1026231537006952,0.047932400414786844
C3orf64,-0.7088311784762205,0.048115258114532065
DOLPP1,-1.0788125076533956,0.0484077343160129
P2RX2,1.22214683244901,0.04843668390122994
RIN2,-1.8638405238996607,0.04845981313503183
PRDX1,-1.2634761765057467,0.04846195371000873
PIP5K1A,-1.278677283096636,0.04849149437106374
AIG1,-1.622638286924421,0.04855798041900614
SPG7,1.488627696524981,0.04872234780875275
WDR81,1.800512055789158,0.04873813219756349
ABCC3,1.3807334541839484,0.048862975088003656
SEL1L3,1.12817139526353,0.04887607967275823
BIN1,1.0909950502028156,0.048891193789323106
N6AMT2,-1.5872271810199643,0.048962155723320744
QDPR,-2.143476815912492,0.04898884893914747
P2RY13,-1.1027359308545759,0.04899399357774711
LOC100506795,-1.6978371922165696,0.049001351489941024
MOCS1,-1.0178015468442339,0.04900410780176088
MTL5,-2.4856720330267987,0.049012433217858656
"FAM133B,LOC728066",-0.871756615335376,0.0490461128554942
ACSF3,0.687582569780234,0.04907202908635157
NUDT16L1,-1.150110257823446,0.049125800601749245
KIAA1324,-2.83929035409723,0.049178285980885354
CYB5A,-2.1163682016560657,0.049239606821154976
SORT1,-1.8710253093516047,0.0493121709633603
SH3D19,-1.7651712860359168,0.04934703331852823
LOC100505483,-0.7675663161352015,0.04937320556176162
MESDC2,-0.8538694332321648,0.04937811064161485
CCR1,-0.9138740705128481,0.04945887216591975
GCGR,2.9168148803571783,0.04952202153966087
ACVR1,-0.6761990700823091,0.049530917230804834
TRIB3,-0.7697922795041992,0.0496150626241387
ZDHHC5,-0.5085462411268074,0.04961587078989723
VTI1B,-1.216207110272133,0.04961788171087587
RORC,-1.924199855207812,0.049663238586996575
NFASC,-0.9439751879734438,0.049767083775445926
NSRP1,-0.5988918839819166,0.049797603457634766
ZDHHC4,-0.9093614481767207,0.04980338057004804
